m,volume
1,14.201868956569289
2,15.327183480010524
3,15.829562282923922
4,15.343231996091982
5,14.903161995375411
6,13.0887073128356
7,12.130837114844267
8,12.328538035170762
9,12.330116044157371
10,12.528076431377338
11,12.379294592838235
12,12.979785473929686
13,12.789028215016259
14,12.87449415045317
15,12.76887193218057
16,12.720759803965047
17,12.660696103987174
18,12.401511953844263
19,12.096280100702419
20,12.330535543369786
21,12.237062462216917
22,12.06826354511732
23,12.128586666638327
24,12.628493194287751
25,12.458895380189347
26,12.706171947439842
27,12.796660937762383
28,12.639409048697818
29,12.630493617302603
30,12.52531515638925
31,12.316347565696235
32,12.570767841095126
33,12.496392486010997
34,12.429104190571914
35,12.25611916301431
36,12.623176427415048
37,12.452643619175083
38,12.49682624600643
39,12.647580344985267
40,12.837065128053855
41,12.894026363378766
42,12.75772250381391
43,12.92083698260257
44,13.131172463225642
45,13.470003025717439
46,13.629065310432738
47,13.543048077709177
48,14.362523838275767
49,14.358529955983853
50,14.543876705360676
51,14.43526520269258
52,14.412644511640202
53,14.394684125295905
54,14.465244368455416
55,14.2503137319794
56,14.43331438822043
57,14.5367314579935
58,14.356369240426476
59,14.888506532561124
60,15.176230924440722
61,14.807633545988278
62,14.532445063416528
63,14.631539752268425
64,15.185545447392162
65,14.98981703626819
66,14.943238184862505
67,14.467350209484488
68,14.744430405778525
69,14.730749536940204
70,14.6153910614508
71,14.298130515587003
72,14.704237679876368
73,14.415191757140132
74,14.274322417340205
75,14.380260003245603
76,14.580691382173955
77,14.48186653793764
78,14.653050247605803
79,14.184317214189
80,14.316136137701356
81,14.391862090240444
82,14.336362351291763
83,14.118468852508563
84,14.775718265958215
85,14.78559529484117
86,14.731259943336848
87,14.921375813495063
88,14.704862887348662
89,14.614079802287922
90,14.583571314663322
91,14.403126097114106
92,14.543895530366559
93,14.363599017954286
